name, type
India, interest
Cities & places, interest
Funny, interest
Jokes, interest
Memes, interest
Interesting, interest
Lifehacks, interest
Oddly satisfying, interest
Heartwarming, interest
History, interest
Languages, interest
Nature, interest
Science, interest
News, interest
Tech, interest
Gaming, interest
Career , interest
Movies , interest
Sports, interest
IPL, interest
Football, interest
Scifi, interest
Fantasy, interest
Music, interest
Anime, interest
Books, interest
Comics, interest
Art, interest
Painting, interest
Drawing, interest
Digital art, interest
Photography, interest
Graphic design, interest
Programming, interest
DIY & crafts, interest
Fashion, interest
Tattoos, interest
Makeup, interest
Baking, interest
Home decorating, interest
Gardening, interest
Fitness, interest
Travel, interest
Anime, general
cars and motor vehicles, general
celebrity, general
crafts and DIY, general
crypto, general
politics, general
law & courts, general
culture race and ethinicity, general
ethics and philosophy, general
family and relationships, general
fashion , general
fitness and nutrition, general
Gaming, general
History, general
hobbies, general
Movies, general
Tech, general
Religion and spirituality, general
technology, general
Sports, general
Programming, general
literature, general
